name,total_return,cagr,ann_volatility,sharpe,sortino,calmar,max_drawdown,trades,win_rate,exposure,turnover,average_trade_return,average_win,average_loss,profit_factor,cost_drag,excess_cagr_vs_benchmark,drawdown_improvement_vs_benchmark
strategy,2.497932501070833,0.11647866146593633,0.21681567975925148,0.6177122715949321,0.6834758924323967,0.3268190628233195,-0.3564010632051333,41,0.5,0.6621196222455404,3.613850996852046,0.07406255678744403,0.22679453979665073,-0.0786694262217627,2.882880309274602,0.1463062738915566,-0.13159976057399403,0.028758082998475265
buy_hold,11.409990528932989,0.24807842203993036,0.2870472721209684,0.9170376084300974,1.2680889958023478,0.644093291007524,-0.3851591462036086,1,,1.0,0.0,,,,,,,
