name,total_return,cagr,ann_volatility,sharpe,max_drawdown,trades,win_rate
strategy,2.497935921843396,0.11647875753874781,0.2168156359142195,0.6177127498748455,-0.3564009774059954,41,0.5
buy_hold,11.40999346415019,0.2480784480144853,0.2870472549522981,0.9170377174774067,-0.3851591997569541,1,
